<?xml version="1.0" encoding="UTF-8"?>

<process name="请假流程" xmlns="http://jbpm.org/4.4/jpdl">
   <start name="请假流程" g="16,18,48,48">
      <transition name="to task1" to="提交请假申请" g="-48,-18"/>
   </start>
   <end name="流程结束" g="468,18,48,48"/>
   <task name="提交请假申请" g="96,16,92,52" assignee="张三">
      <transition name="to task2" to="项目经理审批" g="-48,-18"/>
   </task>
   <task name="项目经理审批" g="220,16,92,52" assignee="李四">
      <transition name="to task3" to="部门经理审批" g="-48,-18"/>
   </task>
   <task name="部门经理审批" g="344,16,92,52" assignee="王五">
      <transition name="to end1" to="流程结束" g="-46,-18"/>
   </task>
</process>